{
    "CreateLogs": 1,
    "Charges": [
        {
            "Classname": "HDSN_BreachingCharge",
            "DamageToObjects": 1,
            "DamageToDestroyableObjectsRadius": 0.0,
            "VerticalDistanceModeObjects": 0,
            "MaxVerticalDistanceObjects": 0.0,
            "MaxDamageToPlayers": 100.0,
            "MinDamageToPlayers": 50.0,
            "DamageToPlayersRadius": 5.0,
            "MaxDamageToPlayersRadius": 2.0,
            "MaxVerticalDistancePlayers": 0.0,
            "OnlyDestroyLocks": 0,
            "DeleteObjectsDirectly": 0,
            "DestroyLocksFirst": 0,
            "PlacementDistance": 2.0,
            "ToolDamageOnDefuse": 10.0,
            "DestroyOtherCharges": 0,
            "TimeToPlant": 30.0,
            "TimeToExplode": 180.0,
            "TimeToDefuse": 20.0,
            "LightBrightness": 0.5,
            "LightRadius": 10.0,
            "LightColorStart": [
                0.0,
                1.0,
                0.0
            ],
            "LightColorHalfway": [
                1.0,
                1.0,
                0.0
            ],
            "LightColorEnd": [
                1.0,
                0.0,
                0.0
            ],
            "BeepingSoundSet": "HDSN_SoundSet_Beeping",
            "BeepingSoundEndTime": 2.0,
            "SwitchInterval": 2.0,
            "ExplosionSoundSet": "Landmine_Explosion_SoundSet",
            "DefuseTools": [
                "Unarmed"
            ]
        },
        {
            "Classname": "HDSN_BreachingChargeHeavy",
            "DamageToObjects": 2,
            "DamageToDestroyableObjectsRadius": 0.0,
            "MaxDamageToPlayers": 100.0,
            "MinDamageToPlayers": 50.0,
            "DamageToPlayersRadius": 5.0,
            "MaxDamageToPlayersRadius": 2.0,
            "OnlyDestroyLocks": 0,
            "DeleteObjectsDirectly": 0,
            "DestroyLocksFirst": 0,
            "PlacementDistance": 2.0,
            "ToolDamageOnDefuse": 10.0,
            "TimeToPlant": 30.0,
            "TimeToExplode": 180.0,
            "TimeToDefuse": 20.0,
            "LightBrightness": 0.5,
            "LightRadius": 10.0,
            "LightColorStart": [
                0.0,
                1.0,
                0.0
            ],
            "LightColorHalfway": [
                1.0,
                1.0,
                0.0
            ],
            "LightColorEnd": [
                1.0,
                0.0,
                0.0
            ],
            "BeepingSoundSet": "HDSN_SoundSet_Beeping",
            "BeepingSoundEndTime": 2.0,
            "SwitchInterval": 2.0,
            "ExplosionSoundSet": "Landmine_Explosion_SoundSet",
            "DefuseTools": [
                "Unarmed"
            ]
        }
    ],
    "Tiers": [
        {
            "Name": "Tier1",
            "Health": 2,
            "AcceptedChargeTypes": [
                "HDSN_BreachingCharge",
                "HDSN_BreachingChargeHeavy"
            ]
        },
        {
            "Name": "Tier2",
            "Health": 2,
            "AcceptedChargeTypes": [
				"HDSN_BreachingCharge",
                "HDSN_BreachingChargeHeavy"
			]
        },
        {
            "Name": "Tier3",
            "Health": 4,
            "AcceptedChargeTypes": [
                "HDSN_BreachingChargeHeavy"
			]
        },
        {
            "Name": "Tier4",
            "Health": 6,
            "AcceptedChargeTypes": [
                "HDSN_BreachingChargeHeavy"
			]
        },
        {
            "Name": "Tier5",
            "Health": 8,
            "AcceptedChargeTypes": [
                "HDSN_BreachingChargeHeavy"
			]
        },
        {
            "Name": "Tier6",
            "Health": 10,
            "AcceptedChargeTypes": [
                "HDSN_BreachingChargeHeavy"
			]
        },
        {
            "Name": "Tier7",
            "Health": 12,
            "AcceptedChargeTypes": [
                "HDSN_BreachingChargeHeavy"
			]
        }
    ],
    "DestroyableObjects": {
		"Fence_Gate": "Tier1",
		"Fence_Gate_HalfMetal": "Tier2",
		"Fence_Gate_Metal": "Tier3"
    }
}