{
    "CreateLogs": 1,
    "Charges": [
        {
            "Classname": "HDSN_BreachingCharge",
            "DamageToObjects": 1,
            "DamageToDestroyableObjectsRadius": 0.0,
            "VerticalDistanceModeObjects": 0,
            "MaxVerticalDistanceObjects": 0.0,
            "MaxDamageToPlayers": 100.0,
            "MinDamageToPlayers": 50.0,
            "DamageToPlayersRadius": 5.0,
            "MaxDamageToPlayersRadius": 2.0,
            "MaxVerticalDistancePlayers": 0.0,
            "OnlyDestroyLocks": 0,
            "DeleteObjectsDirectly": 0,
            "DestroyLocksFirst": 0,
            "PlacementDistance": 2.0,
            "ToolDamageOnDefuse": 10.0,
            "DestroyOtherCharges": 0,
            "TimeToPlant": 30.0,
            "TimeToExplode": 180.0,
            "TimeToDefuse": 20.0,
            "LightBrightness": 0.5,
            "LightRadius": 10.0,
            "LightColorStart": [
                0.0,
                1.0,
                0.0
            ],
            "LightColorHalfway": [
                1.0,
                1.0,
                0.0
            ],
            "LightColorEnd": [
                1.0,
                0.0,
                0.0
            ],
            "BeepingSoundSet": "HDSN_SoundSet_Beeping",
            "BeepingSoundEndTime": 2.0,
            "SwitchInterval": 2.0,
            "ExplosionSoundSet": "Landmine_Explosion_SoundSet",
            "DefuseTools": [
                "Unarmed"
            ]
        },
        {
            "Classname": "HDSN_BreachingChargeHeavy",
            "DamageToObjects": 2,
            "DamageToDestroyableObjectsRadius": 0.0,
            "MaxDamageToPlayers": 100.0,
            "MinDamageToPlayers": 50.0,
            "DamageToPlayersRadius": 5.0,
            "MaxDamageToPlayersRadius": 2.0,
            "OnlyDestroyLocks": 0,
            "DeleteObjectsDirectly": 0,
            "DestroyLocksFirst": 0,
            "PlacementDistance": 2.0,
            "ToolDamageOnDefuse": 10.0,
            "TimeToPlant": 30.0,
            "TimeToExplode": 180.0,
            "TimeToDefuse": 20.0,
            "LightBrightness": 0.5,
            "LightRadius": 10.0,
            "LightColorStart": [
                0.0,
                1.0,
                0.0
            ],
            "LightColorHalfway": [
                1.0,
                1.0,
                0.0
            ],
            "LightColorEnd": [
                1.0,
                0.0,
                0.0
            ],
            "BeepingSoundSet": "HDSN_SoundSet_Beeping",
            "BeepingSoundEndTime": 2.0,
            "SwitchInterval": 2.0,
            "ExplosionSoundSet": "Landmine_Explosion_SoundSet",
            "DefuseTools": [
                "Unarmed"
            ]
        }
    ],
    "Tiers": [
        {
            "Name": "Tier1",
            "Health": 2,
            "AcceptedChargeTypes": [
                "HDSN_BreachingCharge",
                "HDSN_BreachingChargeHeavy"
            ]
        },
        {
            "Name": "Tier2",
            "Health": 2,
            "AcceptedChargeTypes": [
				"HDSN_BreachingCharge",
                "HDSN_BreachingChargeHeavy"
			]
        },
        {
            "Name": "Tier3",
            "Health": 4,
            "AcceptedChargeTypes": [
                "HDSN_BreachingChargeHeavy"
			]
        },
        {
            "Name": "Tier4",
            "Health": 6,
            "AcceptedChargeTypes": [
                "HDSN_BreachingChargeHeavy"
			]
        },
        {
            "Name": "Tier5",
            "Health": 8,
            "AcceptedChargeTypes": [
                "HDSN_BreachingChargeHeavy"
			]
        },
        {
            "Name": "Tier6",
            "Health": 10,
            "AcceptedChargeTypes": [
                "HDSN_BreachingChargeHeavy"
			]
        },
        {
            "Name": "Tier7",
            "Health": 12,
            "AcceptedChargeTypes": [
                "HDSN_BreachingChargeHeavy"
			]
        }
    ],
    "DestroyableObjects": {
        "Fence_Frame": "Tier1",
		"Fence": "Tier1",
		"Fence_HalfMetal": "Tier2",
		"Fence_Metal": "Tier3",

		"Fence_Gate": "Tier1",
		"Fence_Gate_HalfMetal": "Tier2",
		"Fence_Gate_Metal": "Tier3",

		"Watchtower": "Tier1",
		"Watchtower_HalfMetal": "Tier2",
		"Watchtower_Metal": "Tier3", 
		
		"ExpansionWall": "Tier2",
		"ExpansionWall_Door": "Tier2",
		"ExpansionWall_Gate": "Tier2", 

		"ExpansionFloor3x3": "Tier2",
		"ExpansionFloor6x6": "Tier2",

		"ExpansionRamp6x1_5x6": "Tier2",
		"ExpansionStairS1_5x3x3": "Tier2",
		"ExpansionWoodPillar": "Tier2",

		"ExpansionSafeMini": "Tier2",
		"ExpansionSafeMedium": "Tier3",
		"ExpansionSafeLarge": "Tier4",
		
		"BBP_T1_Wall_Hologram": "Tier1",
		"BBP_T1_Wall_Frame": "Tier1",
		"BBP_T1_Wall": "Tier1",

		"BBP_T2_Wall_Hologram": "Tier1",
		"BBP_T2_Wall_Frame": "Tier2",
		"BBP_T2_Wall": "Tier2",
		"BBP_T2_Wall_Rebar": "Tier3",

		"BBP_T3_Wall_Hologram": "Tier1",
		"BBP_T3_Wall_Frame": "Tier3",
		"BBP_T3_Wall": "Tier3",
		"BBP_T3_Wall_Metal": "Tier4",

		"BBP_T1_Wall_Half_Hologram": "Tier1",
		"BBP_T1_Wall_Half_Frame": "Tier1",
		"BBP_T1_Wall_Half": "Tier1",

		"BBP_T2_Wall_Half_Hologram": "Tier1",
		"BBP_T2_Wall_Half_Frame": "Tier2",
		"BBP_T2_Wall_Half": "Tier2",

		"BBP_T3_Wall_Half_Hologram": "Tier1",
		"BBP_T3_Wall_Half_Frame": "Tier3",
		"BBP_T3_Wall_Half": "Tier3",

		"BBP_T1_Window_Hologram": "Tier1",
		"BBP_T1_Window_Frame": "Tier1",
		"BBP_T1_Window_Frame_Shutter": "Tier1",
		"BBP_T1_Window_Frame_Shutter_Bars": "Tier1",
		"BBP_T1_Window_Frame_Bars": "Tier1",
		"BBP_T1_Window": "Tier1",
		"BBP_T1_Window_Shutter": "Tier1",
		"BBP_T1_Window_Shutter_Bars": "Tier1",
		"BBP_T1_Window_Bars": "Tier1",

		"BBP_T2_Window_Hologram": "Tier1",
		"BBP_T2_Window_Frame": "Tier2",
		"BBP_T2_Window_Frame_Shutter": "Tier2",
		"BBP_T2_Window_Frame_Shutter_Bars": "Tier2",
		"BBP_T2_Window_Frame_Bars": "Tier2",
		"BBP_T2_Window": "Tier2",
		"BBP_T2_Window_Shutter": "Tier2",
		"BBP_T2_Window_Shutter_Bars": "Tier2",
		"BBP_T2_Window_Bars": "Tier2",

		"BBP_T3_Window_Hologram": "Tier1",
		"BBP_T3_Window_Frame": "Tier3",
		"BBP_T3_Window": "Tier3",
		"BBP_T3_Window_Shutter": "Tier3",
		"BBP_T3_Window_Shutter_Bars": "Tier3",
		"BBP_T3_Window_Bars": "Tier3",

		"BBP_T1_Door_Hologram": "Tier1",
		"BBP_T1_Door_Frame": "Tier1",
		"BBP_T1_Door_Frame_Door": "Tier1",
		"BBP_T1_Door": "Tier1",
		"BBP_T1_Door_Door": "Tier1",

		"BBP_T2_Door_Hologram": "Tier1",
		"BBP_T2_Door_Frame": "Tier2",
		"BBP_T2_Door_Frame_Door": "Tier2",
		"BBP_T2_Door_Frame_Door_Metal": "Tier3",
		"BBP_T2_Door": "Tier2",
		"BBP_T2_Door_Door": "Tier2",
		"BBP_T2_Door_Door_Metal": "Tier3",

		"BBP_T3_Door_Hologram": "Tier1",
		"BBP_T3_Door_Frame": "Tier3",
		"BBP_T3_Door": "Tier3",
		"BBP_T3_Door_Door": "Tier3",

		"BBP_T1_Roof_Hologram": "Tier1",
		"BBP_T1_Roof": "Tier1",

		"BBP_T2_Roof_Hologram": "Tier1",
		"BBP_T2_Roof": "Tier2",

		"BBP_T3_Roof_Hologram": "Tier1",
		"BBP_T3_Roof": "Tier3",

		"BBP_T1_Floor_Hologram": "Tier1",
		"BBP_T1_Floor": "Tier1",

		"BBP_T2_Floor_Hologram": "Tier1",
		"BBP_T2_Floor": "Tier2",

		"BBP_T3_Floor_Hologram": "Tier1",
		"BBP_T3_Floor": "Tier3",

		"BBP_T1_Stair_Hologram": "Tier1",
		"BBP_T1_Stair": "Tier1",

		"BBP_T2_Stair_Hologram": "Tier1",
		"BBP_T2_Stair": "Tier2",

		"BBP_T3_Stair_Hologram": "Tier1",
		"BBP_T3_Stair": "Tier3",

		"BBP_T1_Floor_Hatch_Hologram": "Tier1",
		"BBP_T1_Floor_Hatch_Frame": "Tier1",
		"BBP_T1_Floor_Hatch": "Tier1",

		"BBP_T3_Floor_Hatch_Hologram": "Tier1",
		"BBP_T3_Floor_Hatch_Frame": "Tier3",
		"BBP_T3_Floor_Hatch": "Tier3",

		"BBP_T1_Roof_Hatch_Hologram": "Tier1",
		"BBP_T1_Roof_Hatch_Frame": "Tier1",
		"BBP_T1_Roof_Hatch": "Tier1",

		"BBP_T2_Roof_Hatch_Hologram": "Tier1",
		"BBP_T2_Roof_Hatch_Frame": "Tier2",
		"BBP_T2_Roof_Hatch": "Tier2",

		"BBP_T3_Roof_Hatch_Hologram": "Tier1",
		"BBP_T3_Roof_Hatch_Frame": "Tier3",
		"BBP_T3_Roof_Hatch": "Tier3",

		"BBP_T1_Ramp_Hologram": "Tier1",
		"BBP_T1_Ramp": "Tier1",

		"BBP_T1_Ramp_Wide_Hologram": "Tier1",
		"BBP_T1_Ramp_Wide": "Tier1",

		"BBP_T1_Gate_Hologram": "Tier1",
		"BBP_T1_Gate_Frame": "Tier1",
		"BBP_T1_Gate": "Tier1",

		"BBP_T2_Gate_Hologram": "Tier1",
		"BBP_T2_Gate_Frame": "Tier2",
		"BBP_T2_Gate": "Tier2",

		"BBP_T3_Gate_Hologram": "Tier1",
		"BBP_T3_Gate_Frame": "Tier3",
		"BBP_T3_Gate": "Tier3",

		"BBP_T3_Door_Half_Hologram": "Tier1",
		"BBP_T3_Door_Half_Frame": "Tier3",
		"BBP_T3_Door_Half_Frame_Door": "Tier3",
		"BBP_T3_Door_Half": "Tier3",
		"BBP_T3_Door_Half_Door": "Tier3",

		"BBP_T1_Foundation_Hologram": "Tier1",
		"BBP_T1_Foundation": "Tier1",

		"BBP_T2_Foundation_Hologram": "Tier1",
		"BBP_T2_Foundation": "Tier2",

		"BBP_T3_Foundation_Hologram": "Tier1",
		"BBP_T3_Foundation": "Tier3",

		"BBP_Pillar_Wood": "Tier1",
		"BBP_Pillar_WoodHalf": "Tier1",
		"BBP_Pillar_Metal": "Tier2",
		"BBP_Pillar_MetalHalf": "Tier2",
		"BBP_Pillar_Concrete": "Tier3",
		"BBP_Pillar_ConcreteHalf": "Tier3"        
    }
}